Image,Results
test_00.jpg,Trump
test_01.jpg,Biden
test_02.jpg,Bean
test_03.jpg,Depp
test_04.jpg,Diesel
test_05.jpg,Floki
test_06.jpg,Freeman
test_07.jpg,Obama
test_08.jpg,Trump
test_09.jpg,Biden
test_10.jpg,Bean
test_11.jpg,Depp
test_12.jpg,Diesel
test_13.jpg,Floki
test_14.jpg,Freeman
test_15.jpg,Obama
test_16.jpg,Trump
test_17.jpg,Biden
test_18.jpg,Bean
test_19.jpg,Depp
test_20.jpg,Diesel
test_21.jpg,Floki
test_22.jpg,Freeman
test_23.jpg,Obama
test_24.jpg,Trump
test_25.jpg,Biden
test_26.jpg,Bean
test_27.jpg,Depp
test_28.jpg,Diesel
test_29.jpg,Floki
test_30.jpg,Freeman
test_31.jpg,Obama
test_32.jpg,Trump
test_33.jpg,Biden
test_34.jpg,Bean
test_35.jpg,Depp
test_36.jpg,Diesel
test_37.jpg,Floki
test_38.jpg,Freeman
test_39.jpg,Obama
test_40.jpg,Trump
test_41.jpg,Biden
test_42.jpg,Bean
test_43.jpg,Depp
test_44.jpg,Diesel
test_45.jpg,Floki
test_46.jpg,Freeman
test_47.jpg,Obama
test_48.jpg,Trump
test_49.jpg,Biden
test_50.jpg,No-Face
test_51.jpg,No-Face
test_52.jpg,No-Face
test_53.jpg,No-Face
test_54.jpg,No-Face
test_55.jpg,No-Face
test_56.jpg,No-Face
test_57.jpg,No-Face
test_58.jpg,No-Face
test_59.jpg,No-Face
test_60.jpg,No-Face
test_61.jpg,No-Face
test_62.jpg,No-Face
test_63.jpg,No-Face
test_64.jpg,No-Face
test_65.jpg,No-Face
test_66.jpg,No-Face
test_67.jpg,No-Face
test_68.jpg,No-Face
test_69.jpg,No-Face
test_70.jpg,No-Face
test_71.jpg,No-Face
test_72.jpg,No-Face
test_73.jpg,No-Face
test_74.jpg,No-Face
test_75.jpg,No-Face
test_76.jpg,No-Face
test_77.jpg,No-Face
test_78.jpg,No-Face
test_79.jpg,No-Face
test_80.jpg,No-Face
test_81.jpg,No-Face
test_82.jpg,No-Face
test_83.jpg,No-Face
test_84.jpg,No-Face
test_85.jpg,No-Face
test_86.jpg,No-Face
test_87.jpg,No-Face
test_88.jpg,No-Face
test_89.jpg,No-Face
test_90.jpg,No-Face
test_91.jpg,No-Face
test_92.jpg,No-Face
test_93.jpg,No-Face
test_94.jpg,No-Face
test_95.jpg,No-Face
test_96.jpg,No-Face
test_97.jpg,No-Face
test_98.jpg,No-Face
test_99.jpg,No-Face
